,total_turnover,total_cost_drag,timing_turnover_rows
5y,64.17508071306989,0.09626262106960247,483.0
max,203.6362516967868,0.30545437754517046,2704.0
